name,year,wins,losses,goals_for,goals_against,win_percentage
Boston Bruins,1990,44,24,299,264,0.6470588235294118
Buffalo Sabres,1990,31,30,292,278,0.5081967213114754
Calgary Flames,1990,46,26,344,263,0.6388888888888888
Chicago Blackhawks,1990,49,23,284,211,0.6805555555555556
Detroit Red Wings,1990,34,38,273,298,0.4722222222222222
Edmonton Oilers,1990,37,37,272,272,0.5
Hartford Whalers,1990,31,38,238,276,0.4492753623188406
Los Angeles Kings,1990,46,24,340,254,0.6571428571428571
Minnesota North Stars,1990,27,39,256,266,0.4090909090909091
Montreal Canadiens,1990,39,30,273,249,0.5652173913043478
New Jersey Devils,1990,32,33,272,264,0.49230769230769234
New York Islanders,1990,25,45,223,290,0.35714285714285715
New York Rangers,1990,36,31,297,265,0.5373134328358209
Philadelphia Flyers,1990,33,37,252,267,0.4714285714285714
Pittsburgh Penguins,1990,41,33,342,305,0.5540540540540541
Quebec Nordiques,1990,16,50,236,354,0.24242424242424243
St. Louis Blues,1990,47,22,310,250,0.6811594202898551
Toronto Maple Leafs,1990,23,46,241,318,0.3333333333333333
Vancouver Canucks,1990,28,43,243,315,0.39436619718309857
Washington Capitals,1990,37,36,258,258,0.5068493150684932
Winnipeg Jets,1990,26,43,260,288,0.37681159420289856
Boston Bruins,1991,36,32,270,275,0.5294117647058824
Buffalo Sabres,1991,31,37,289,299,0.45588235294117646
Calgary Flames,1991,31,37,296,305,0.45588235294117646
Chicago Blackhawks,1991,36,29,257,236,0.5538461538461539
Detroit Red Wings,1991,43,25,320,256,0.6323529411764706
Edmonton Oilers,1991,36,34,295,297,0.5142857142857142
Hartford Whalers,1991,26,41,247,283,0.3880597014925373
Los Angeles Kings,1991,35,31,287,296,0.5303030303030303
Minnesota North Stars,1991,32,42,246,278,0.43243243243243246
Montreal Canadiens,1991,41,28,267,207,0.5942028985507246
New Jersey Devils,1991,38,31,289,259,0.5507246376811594
New York Islanders,1991,34,35,291,299,0.4927536231884058
New York Rangers,1991,50,25,321,246,0.6666666666666666
Philadelphia Flyers,1991,32,37,252,273,0.463768115942029
Pittsburgh Penguins,1991,39,32,343,308,0.5492957746478874
Quebec Nordiques,1991,20,48,255,318,0.29411764705882354
San Jose Sharks,1991,17,58,219,359,0.22666666666666666
St. Louis Blues,1991,36,33,279,266,0.5217391304347826
Toronto Maple Leafs,1991,30,43,234,294,0.410958904109589
Vancouver Canucks,1991,42,26,285,250,0.6176470588235294
Washington Capitals,1991,45,27,330,275,0.625
Winnipeg Jets,1991,33,32,251,244,0.5076923076923077
Boston Bruins,1992,51,26,332,268,0.6623376623376623
Buffalo Sabres,1992,38,36,335,297,0.5135135135135135
Calgary Flames,1992,43,30,322,282,0.589041095890411
Chicago Blackhawks,1992,47,25,279,230,0.6527777777777778
Detroit Red Wings,1992,47,28,369,280,0.6266666666666667
Edmonton Oilers,1992,26,50,242,337,0.34210526315789475
Hartford Whalers,1992,26,52,284,369,0.3333333333333333
Los Angeles Kings,1992,39,35,338,340,0.527027027027027
Minnesota North Stars,1992,36,38,272,293,0.4864864864864865
Montreal Canadiens,1992,48,30,326,280,0.6153846153846154
New Jersey Devils,1992,40,37,308,299,0.5194805194805194
New York Islanders,1992,40,37,335,297,0.5194805194805194
New York Rangers,1992,34,39,304,308,0.4657534246575342
Ottawa Senators,1992,10,70,202,395,0.125
Philadelphia Flyers,1992,36,37,319,319,0.4931506849315068
Pittsburgh Penguins,1992,56,21,367,268,0.7272727272727273
Quebec Nordiques,1992,47,27,351,300,0.6351351351351351
San Jose Sharks,1992,11,71,218,414,0.13414634146341464
St. Louis Blues,1992,37,36,282,278,0.5068493150684932
Tampa Bay Lightning,1992,23,54,245,332,0.2987012987012987
Toronto Maple Leafs,1992,44,29,288,241,0.6027397260273972
Vancouver Canucks,1992,46,29,346,278,0.6133333333333333
Washington Capitals,1992,43,34,325,286,0.5584415584415584
Winnipeg Jets,1992,40,37,322,320,0.5194805194805194
Mighty Ducks of Anaheim,1993,33,46,229,251,0.4177215189873418
Boston Bruins,1993,42,29,289,252,0.5915492957746479
Buffalo Sabres,1993,43,32,282,218,0.5733333333333334
Calgary Flames,1993,42,29,302,256,0.5915492957746479
Chicago Blackhawks,1993,39,36,254,240,0.52
Dallas Stars,1993,42,29,286,265,0.5915492957746479
Detroit Red Wings,1993,46,30,356,275,0.6052631578947368
Edmonton Oilers,1993,25,45,261,305,0.35714285714285715
Florida Panthers,1993,33,34,233,233,0.4925373134328358
Hartford Whalers,1993,27,48,227,288,0.36
Los Angeles Kings,1993,27,45,294,322,0.375
Montreal Canadiens,1993,41,29,283,248,0.5857142857142857
New Jersey Devils,1993,47,25,306,220,0.6527777777777778
New York Islanders,1993,36,36,282,264,0.5
New York Rangers,1993,52,24,299,231,0.6842105263157895
Ottawa Senators,1993,14,61,201,397,0.18666666666666668
Philadelphia Flyers,1993,35,39,294,314,0.47297297297297297
Pittsburgh Penguins,1993,44,27,299,285,0.6197183098591549
Quebec Nordiques,1993,34,42,277,292,0.4473684210526316
San Jose Sharks,1993,33,35,252,265,0.4852941176470588
St. Louis Blues,1993,40,33,270,283,0.547945205479452
Tampa Bay Lightning,1993,30,43,224,251,0.410958904109589
Toronto Maple Leafs,1993,43,29,280,243,0.5972222222222222
Vancouver Canucks,1993,41,40,279,276,0.5061728395061729
Washington Capitals,1993,39,35,277,263,0.527027027027027
Winnipeg Jets,1993,24,51,245,344,0.32
Mighty Ducks of Anaheim,1994,16,27,125,164,0.37209302325581395
Boston Bruins,1994,27,18,150,127,0.6
Buffalo Sabres,1994,22,19,130,119,0.5365853658536586
Calgary Flames,1994,24,17,163,135,0.5853658536585366
Chicago Blackhawks,1994,24,19,156,115,0.5581395348837209
Dallas Stars,1994,17,23,136,135,0.425
Detroit Red Wings,1994,33,11,180,117,0.75
Edmonton Oilers,1994,17,27,136,183,0.38636363636363635
Florida Panthers,1994,20,22,115,127,0.47619047619047616
Hartford Whalers,1994,19,24,127,141,0.4418604651162791
Los Angeles Kings,1994,16,23,142,174,0.41025641025641024
Montreal Canadiens,1994,18,23,125,148,0.43902439024390244
New Jersey Devils,1994,22,18,136,121,0.55
New York Islanders,1994,15,28,126,158,0.3488372093023256
New York Rangers,1994,22,23,139,134,0.4888888888888889
Ottawa Senators,1994,9,34,117,174,0.20930232558139536
Philadelphia Flyers,1994,28,16,150,132,0.6363636363636364
Pittsburgh Penguins,1994,29,16,181,158,0.6444444444444445
Quebec Nordiques,1994,30,13,185,134,0.6976744186046512
San Jose Sharks,1994,19,25,129,161,0.4318181818181818
St. Louis Blues,1994,28,15,178,135,0.6511627906976745
Tampa Bay Lightning,1994,17,28,120,144,0.37777777777777777
Toronto Maple Leafs,1994,21,19,135,146,0.525
Vancouver Canucks,1994,18,18,153,148,0.5
Washington Capitals,1994,22,18,136,120,0.55
Winnipeg Jets,1994,16,25,157,177,0.3902439024390244
Mighty Ducks of Anaheim,1995,35,39,234,247,0.47297297297297297
Boston Bruins,1995,40,31,282,269,0.5633802816901409
Buffalo Sabres,1995,33,42,247,262,0.44
Calgary Flames,1995,34,37,241,240,0.4788732394366197
Chicago Blackhawks,1995,40,28,273,220,0.5882352941176471
Colorado Avalanche,1995,47,25,326,240,0.6527777777777778
Dallas Stars,1995,26,42,227,280,0.38235294117647056
Detroit Red Wings,1995,62,13,325,181,0.8266666666666667
Edmonton Oilers,1995,30,44,240,304,0.40540540540540543
Florida Panthers,1995,41,31,254,234,0.5694444444444444
Hartford Whalers,1995,34,39,237,259,0.4657534246575342
Los Angeles Kings,1995,24,40,256,302,0.375
Montreal Canadiens,1995,40,32,265,248,0.5555555555555556
New Jersey Devils,1995,37,33,215,202,0.5285714285714286
New York Islanders,1995,22,50,229,315,0.3055555555555556
New York Rangers,1995,41,27,272,237,0.6029411764705882
Ottawa Senators,1995,18,59,191,291,0.23376623376623376
Philadelphia Flyers,1995,45,24,282,208,0.6521739130434783
Pittsburgh Penguins,1995,49,29,362,284,0.6282051282051282
San Jose Sharks,1995,20,55,252,357,0.26666666666666666
St. Louis Blues,1995,32,34,219,248,0.48484848484848486
Tampa Bay Lightning,1995,38,32,238,248,0.5428571428571428
Toronto Maple Leafs,1995,34,36,247,252,0.4857142857142857
Vancouver Canucks,1995,32,35,278,278,0.47761194029850745
Washington Capitals,1995,39,32,234,204,0.5492957746478874
Winnipeg Jets,1995,36,40,275,291,0.47368421052631576
Mighty Ducks of Anaheim,1996,36,33,245,233,0.5217391304347826
Boston Bruins,1996,26,47,234,300,0.3561643835616438
Buffalo Sabres,1996,40,30,237,208,0.5714285714285714
Calgary Flames,1996,32,41,214,239,0.4383561643835616
Chicago Blackhawks,1996,34,35,223,210,0.4927536231884058
Colorado Avalanche,1996,49,24,277,205,0.6712328767123288
Dallas Stars,1996,48,26,252,198,0.6486486486486487
Detroit Red Wings,1996,38,26,253,197,0.59375
Edmonton Oilers,1996,36,37,252,247,0.4931506849315068
Florida Panthers,1996,35,28,221,201,0.5555555555555556
Hartford Whalers,1996,32,39,226,256,0.4507042253521127
Los Angeles Kings,1996,28,43,214,268,0.39436619718309857
Montreal Canadiens,1996,31,36,249,276,0.4626865671641791
New Jersey Devils,1996,45,23,231,182,0.6617647058823529
New York Islanders,1996,29,41,240,250,0.4142857142857143
New York Rangers,1996,38,34,258,231,0.5277777777777778
Ottawa Senators,1996,31,36,226,234,0.4626865671641791
Philadelphia Flyers,1996,45,24,274,217,0.6521739130434783
Phoenix Coyotes,1996,38,37,240,243,0.5066666666666667
Pittsburgh Penguins,1996,38,36,285,280,0.5135135135135135
San Jose Sharks,1996,27,47,211,278,0.36486486486486486
St. Louis Blues,1996,36,35,236,239,0.5070422535211268
Tampa Bay Lightning,1996,32,40,217,247,0.4444444444444444
Toronto Maple Leafs,1996,30,44,230,273,0.40540540540540543
Vancouver Canucks,1996,35,40,257,273,0.4666666666666667
Washington Capitals,1996,33,40,214,231,0.4520547945205479
Mighty Ducks of Anaheim,1997,26,43,205,261,0.37681159420289856
Boston Bruins,1997,39,30,221,194,0.5652173913043478
Buffalo Sabres,1997,36,29,211,187,0.5538461538461539
Calgary Flames,1997,26,41,217,252,0.3880597014925373
Carolina Hurricanes,1997,33,41,200,219,0.44594594594594594
Chicago Blackhawks,1997,30,39,192,199,0.43478260869565216
Colorado Avalanche,1997,39,26,231,205,0.6
Dallas Stars,1997,49,22,242,167,0.6901408450704225
Detroit Red Wings,1997,44,23,250,196,0.6567164179104478
Edmonton Oilers,1997,35,37,215,224,0.4861111111111111
Florida Panthers,1997,24,43,203,256,0.3582089552238806
Los Angeles Kings,1997,38,33,227,225,0.5352112676056338
Montreal Canadiens,1997,37,32,235,208,0.5362318840579711
New Jersey Devils,1997,48,23,225,166,0.676056338028169
New York Islanders,1997,30,41,212,225,0.4225352112676056
New York Rangers,1997,25,39,197,231,0.390625
Ottawa Senators,1997,34,33,193,200,0.5074626865671642
Philadelphia Flyers,1997,42,29,242,193,0.5915492957746479
Phoenix Coyotes,1997,35,35,224,227,0.5
Pittsburgh Penguins,1997,40,24,228,188,0.625
San Jose Sharks,1997,34,38,210,216,0.4722222222222222
St. Louis Blues,1997,45,29,256,204,0.6081081081081081
Tampa Bay Lightning,1997,17,55,151,269,0.2361111111111111
Toronto Maple Leafs,1997,30,43,194,237,0.410958904109589
Vancouver Canucks,1997,25,43,224,273,0.36764705882352944
Washington Capitals,1997,40,30,219,202,0.5714285714285714
Mighty Ducks of Anaheim,1998,35,34,215,206,0.5072463768115942
Boston Bruins,1998,39,30,214,181,0.5652173913043478
Buffalo Sabres,1998,37,28,207,175,0.5692307692307692
Calgary Flames,1998,30,40,211,234,0.42857142857142855
Carolina Hurricanes,1998,34,30,210,202,0.53125
Chicago Blackhawks,1998,29,41,202,248,0.4142857142857143
Colorado Avalanche,1998,44,28,239,205,0.6111111111111112
Dallas Stars,1998,51,19,236,168,0.7285714285714285
Detroit Red Wings,1998,43,32,245,202,0.5733333333333334
Edmonton Oilers,1998,33,37,230,226,0.4714285714285714
Florida Panthers,1998,30,34,210,228,0.46875
Los Angeles Kings,1998,32,45,189,222,0.4155844155844156
Montreal Canadiens,1998,32,39,184,209,0.4507042253521127
Nashville Predators,1998,28,47,190,261,0.37333333333333335
New Jersey Devils,1998,47,24,248,196,0.6619718309859155
New York Islanders,1998,24,48,194,244,0.3333333333333333
New York Rangers,1998,33,38,217,227,0.4647887323943662
Ottawa Senators,1998,44,23,239,179,0.6567164179104478
Philadelphia Flyers,1998,37,26,231,196,0.5873015873015873
Phoenix Coyotes,1998,39,31,205,197,0.5571428571428572
Pittsburgh Penguins,1998,38,30,242,225,0.5588235294117647
San Jose Sharks,1998,31,33,196,191,0.484375
St. Louis Blues,1998,37,32,237,209,0.5362318840579711
Tampa Bay Lightning,1998,19,54,179,292,0.2602739726027397
Toronto Maple Leafs,1998,45,30,268,231,0.6
Vancouver Canucks,1998,23,47,192,258,0.32857142857142857
Washington Capitals,1998,31,45,200,218,0.40789473684210525
Mighty Ducks of Anaheim,1999,34,33,217,227,0.5074626865671642
Atlanta Thrashers,1999,14,57,170,313,0.19718309859154928
Boston Bruins,1999,24,33,210,248,0.42105263157894735
Buffalo Sabres,1999,35,32,213,204,0.5223880597014925
Calgary Flames,1999,31,36,211,256,0.4626865671641791
Carolina Hurricanes,1999,37,35,217,216,0.5138888888888888
Chicago Blackhawks,1999,33,37,242,245,0.4714285714285714
Colorado Avalanche,1999,42,28,233,201,0.6
Dallas Stars,1999,43,23,211,184,0.6515151515151515
Detroit Red Wings,1999,48,22,278,210,0.6857142857142857
Edmonton Oilers,1999,32,26,226,212,0.5517241379310345
Florida Panthers,1999,43,27,244,209,0.6142857142857143
Los Angeles Kings,1999,39,27,245,228,0.5909090909090909
Montreal Canadiens,1999,35,34,196,194,0.5072463768115942
Nashville Predators,1999,28,40,199,240,0.4117647058823529
New Jersey Devils,1999,45,24,251,203,0.6521739130434783
New York Islanders,1999,24,48,194,275,0.3333333333333333
New York Rangers,1999,29,38,218,246,0.43283582089552236
Ottawa Senators,1999,41,28,244,210,0.5942028985507246
Philadelphia Flyers,1999,45,22,237,179,0.6716417910447762
Phoenix Coyotes,1999,39,31,232,228,0.5571428571428572
Pittsburgh Penguins,1999,37,31,241,236,0.5441176470588235
San Jose Sharks,1999,35,30,225,214,0.5384615384615384
St. Louis Blues,1999,51,19,248,165,0.7285714285714285
Tampa Bay Lightning,1999,19,47,204,310,0.2878787878787879
Toronto Maple Leafs,1999,45,27,246,222,0.625
Vancouver Canucks,1999,30,29,227,237,0.5084745762711864
Washington Capitals,1999,44,24,227,194,0.6470588235294118
Mighty Ducks of Anaheim,2000,25,41,188,245,0.3787878787878788
Atlanta Thrashers,2000,23,45,211,289,0.3382352941176471
Boston Bruins,2000,36,30,227,249,0.5454545454545454
Buffalo Sabres,2000,46,30,218,184,0.6052631578947368
Calgary Flames,2000,27,36,197,236,0.42857142857142855
Carolina Hurricanes,2000,38,32,212,225,0.5428571428571428
Columbus Blue Jackets,2000,28,39,190,233,0.417910447761194
Chicago Blackhawks,2000,29,40,210,246,0.42028985507246375
Colorado Avalanche,2000,52,16,270,192,0.7647058823529411
Dallas Stars,2000,48,24,241,187,0.6666666666666666
Detroit Red Wings,2000,49,20,253,202,0.7101449275362319
Edmonton Oilers,2000,39,28,243,222,0.582089552238806
Florida Panthers,2000,22,38,200,246,0.36666666666666664
Los Angeles Kings,2000,38,28,252,228,0.5757575757575758
Minnesota Wild,2000,25,39,168,210,0.390625
Montreal Canadiens,2000,28,40,206,232,0.4117647058823529
Nashville Predators,2000,34,36,186,200,0.4857142857142857
New Jersey Devils,2000,48,19,295,195,0.7164179104477612
New York Islanders,2000,21,51,185,268,0.2916666666666667
New York Rangers,2000,33,43,250,290,0.4342105263157895
Ottawa Senators,2000,48,21,274,205,0.6956521739130435
Philadelphia Flyers,2000,43,25,240,207,0.6323529411764706
Phoenix Coyotes,2000,35,27,214,212,0.5645161290322581
Pittsburgh Penguins,2000,42,28,281,256,0.6
San Jose Sharks,2000,40,27,217,192,0.5970149253731343
St. Louis Blues,2000,43,22,249,195,0.6615384615384615
Tampa Bay Lightning,2000,24,47,201,280,0.3380281690140845
Toronto Maple Leafs,2000,37,29,232,207,0.5606060606060606
Vancouver Canucks,2000,36,28,239,238,0.5625
Washington Capitals,2000,41,27,233,211,0.6029411764705882
Mighty Ducks of Anaheim,2001,29,42,175,198,0.4084507042253521
Atlanta Thrashers,2001,19,47,187,288,0.2878787878787879
Boston Bruins,2001,43,24,236,201,0.6417910447761194
Buffalo Sabres,2001,35,35,213,200,0.5
Calgary Flames,2001,32,35,201,220,0.47761194029850745
Carolina Hurricanes,2001,35,26,217,217,0.5737704918032787
Columbus Blue Jackets,2001,22,47,164,255,0.3188405797101449
Chicago Blackhawks,2001,41,27,216,207,0.6029411764705882
Colorado Avalanche,2001,45,28,212,169,0.6164383561643836
Dallas Stars,2001,36,28,215,213,0.5625
Detroit Red Wings,2001,51,17,251,187,0.75
Edmonton Oilers,2001,38,28,205,182,0.5757575757575758
Florida Panthers,2001,22,44,180,250,0.3333333333333333
Los Angeles Kings,2001,40,27,214,190,0.5970149253731343
Minnesota Wild,2001,26,35,195,238,0.4262295081967213
Montreal Canadiens,2001,36,31,207,209,0.5373134328358209
Nashville Predators,2001,28,41,196,230,0.4057971014492754
New Jersey Devils,2001,41,28,205,187,0.5942028985507246
New York Islanders,2001,42,28,239,220,0.6
New York Rangers,2001,36,38,227,258,0.4864864864864865
Ottawa Senators,2001,39,27,243,208,0.5909090909090909
Philadelphia Flyers,2001,42,27,234,192,0.6086956521739131
Phoenix Coyotes,2001,40,27,228,210,0.5970149253731343
Pittsburgh Penguins,2001,28,41,198,249,0.4057971014492754
San Jose Sharks,2001,44,27,248,199,0.6197183098591549
St. Louis Blues,2001,43,27,227,188,0.6142857142857143
Tampa Bay Lightning,2001,27,40,178,219,0.40298507462686567
Toronto Maple Leafs,2001,43,25,249,207,0.6323529411764706
Vancouver Canucks,2001,42,30,254,211,0.5833333333333334
Washington Capitals,2001,36,33,228,240,0.5217391304347826
Mighty Ducks of Anaheim,2002,40,27,203,193,0.5970149253731343
Atlanta Thrashers,2002,31,39,226,284,0.44285714285714284
Boston Bruins,2002,36,31,245,237,0.5373134328358209
Buffalo Sabres,2002,27,37,190,219,0.421875
Calgary Flames,2002,29,36,186,228,0.4461538461538462
Carolina Hurricanes,2002,22,43,171,240,0.3384615384615385
Columbus Blue Jackets,2002,29,42,213,263,0.4084507042253521
Chicago Blackhawks,2002,30,33,207,226,0.47619047619047616
Colorado Avalanche,2002,42,19,251,194,0.6885245901639344
Dallas Stars,2002,46,17,245,169,0.7301587301587301
Detroit Red Wings,2002,48,20,269,203,0.7058823529411765
Edmonton Oilers,2002,36,26,231,230,0.5806451612903226
Florida Panthers,2002,24,36,176,237,0.4
Los Angeles Kings,2002,33,37,203,221,0.4714285714285714
Minnesota Wild,2002,42,29,198,178,0.5915492957746479
Montreal Canadiens,2002,30,35,206,234,0.46153846153846156
Nashville Predators,2002,27,35,183,206,0.43548387096774194
New Jersey Devils,2002,46,20,216,166,0.696969696969697
New York Islanders,2002,35,34,224,231,0.5072463768115942
New York Rangers,2002,32,36,210,231,0.47058823529411764
Ottawa Senators,2002,52,21,263,182,0.7123287671232876
Philadelphia Flyers,2002,45,20,211,166,0.6923076923076923
Phoenix Coyotes,2002,31,35,204,230,0.4696969696969697
Pittsburgh Penguins,2002,27,44,189,255,0.38028169014084506
San Jose Sharks,2002,28,37,214,239,0.4307692307692308
St. Louis Blues,2002,41,24,253,222,0.6307692307692307
Tampa Bay Lightning,2002,36,25,219,210,0.5901639344262295
Toronto Maple Leafs,2002,44,28,236,208,0.6111111111111112
Vancouver Canucks,2002,45,23,264,208,0.6617647058823529
Washington Capitals,2002,39,29,224,220,0.5735294117647058
Mighty Ducks of Anaheim,2003,29,35,184,213,0.453125
Atlanta Thrashers,2003,33,37,214,243,0.4714285714285714
Boston Bruins,2003,41,19,209,188,0.6833333333333333
Buffalo Sabres,2003,37,34,220,221,0.5211267605633803
Calgary Flames,2003,42,30,200,176,0.5833333333333334
Carolina Hurricanes,2003,28,34,172,209,0.45161290322580644
Columbus Blue Jackets,2003,25,45,177,238,0.35714285714285715
Chicago Blackhawks,2003,20,43,188,259,0.31746031746031744
Colorado Avalanche,2003,40,22,236,198,0.6451612903225806
Dallas Stars,2003,41,26,194,175,0.6119402985074627
Detroit Red Wings,2003,48,21,255,189,0.6956521739130435
Edmonton Oilers,2003,36,29,221,208,0.5538461538461539
Florida Panthers,2003,28,35,188,221,0.4444444444444444
Los Angeles Kings,2003,28,29,205,217,0.49122807017543857
Minnesota Wild,2003,30,29,188,183,0.5084745762711864
Montreal Canadiens,2003,41,30,208,192,0.5774647887323944
Nashville Predators,2003,38,29,216,217,0.5671641791044776
New Jersey Devils,2003,43,25,213,164,0.6323529411764706
New York Islanders,2003,38,29,237,210,0.5671641791044776
New York Rangers,2003,27,40,206,250,0.40298507462686567
Ottawa Senators,2003,43,23,262,189,0.6515151515151515
Philadelphia Flyers,2003,40,21,229,186,0.6557377049180327
Phoenix Coyotes,2003,22,36,188,245,0.3793103448275862
Pittsburgh Penguins,2003,23,47,190,303,0.32857142857142857
San Jose Sharks,2003,43,21,219,183,0.671875
St. Louis Blues,2003,39,30,191,198,0.5652173913043478
Tampa Bay Lightning,2003,46,22,245,192,0.6764705882352942
Toronto Maple Leafs,2003,45,24,242,204,0.6521739130434783
Vancouver Canucks,2003,43,24,235,194,0.6417910447761194
Washington Capitals,2003,23,46,186,253,0.3333333333333333
Mighty Ducks of Anaheim,2005,43,27,254,229,0.6142857142857143
Atlanta Thrashers,2005,41,33,281,275,0.5540540540540541
Boston Bruins,2005,29,37,230,266,0.4393939393939394
Buffalo Sabres,2005,52,24,281,239,0.6842105263157895
Calgary Flames,2005,46,25,218,200,0.647887323943662
Carolina Hurricanes,2005,52,22,294,260,0.7027027027027027
Columbus Blue Jackets,2005,35,43,223,279,0.44871794871794873
Chicago Blackhawks,2005,26,43,211,285,0.37681159420289856
Colorado Avalanche,2005,43,30,283,257,0.589041095890411
Dallas Stars,2005,53,23,265,218,0.6973684210526315
Detroit Red Wings,2005,58,16,305,209,0.7837837837837838
Edmonton Oilers,2005,41,28,256,251,0.5942028985507246
Florida Panthers,2005,37,34,240,257,0.5211267605633803
Los Angeles Kings,2005,42,35,249,270,0.5454545454545454
Minnesota Wild,2005,38,36,231,215,0.5135135135135135
Montreal Canadiens,2005,42,31,243,247,0.5753424657534246
Nashville Predators,2005,49,25,259,227,0.6621621621621622
New Jersey Devils,2005,46,27,242,229,0.6301369863013698
New York Islanders,2005,36,40,230,278,0.47368421052631576
New York Rangers,2005,44,26,257,215,0.6285714285714286
Ottawa Senators,2005,52,21,314,211,0.7123287671232876
Philadelphia Flyers,2005,45,26,267,259,0.6338028169014085
Phoenix Coyotes,2005,38,39,246,271,0.4935064935064935
Pittsburgh Penguins,2005,22,46,244,316,0.3235294117647059
San Jose Sharks,2005,44,27,266,242,0.6197183098591549
St. Louis Blues,2005,21,46,197,292,0.31343283582089554
Tampa Bay Lightning,2005,43,33,252,260,0.5657894736842105
Toronto Maple Leafs,2005,41,33,257,270,0.5540540540540541
Vancouver Canucks,2005,42,32,256,255,0.5675675675675675
Washington Capitals,2005,29,41,237,306,0.4142857142857143
Anaheim Ducks,2006,48,20,258,208,0.7058823529411765
Atlanta Thrashers,2006,43,28,246,245,0.6056338028169014
Boston Bruins,2006,35,41,219,289,0.4605263157894737
Buffalo Sabres,2006,53,22,308,242,0.7066666666666667
Calgary Flames,2006,43,29,258,226,0.5972222222222222
Carolina Hurricanes,2006,40,34,241,253,0.5405405405405406
Columbus Blue Jackets,2006,33,42,201,249,0.44
Chicago Blackhawks,2006,31,42,201,258,0.4246575342465753
Colorado Avalanche,2006,44,31,272,251,0.5866666666666667
Dallas Stars,2006,50,25,226,197,0.6666666666666666
Detroit Red Wings,2006,50,19,254,199,0.7246376811594203
Edmonton Oilers,2006,32,43,195,248,0.4266666666666667
Florida Panthers,2006,35,31,247,257,0.5303030303030303
Los Angeles Kings,2006,27,41,227,283,0.39705882352941174
Minnesota Wild,2006,48,26,235,191,0.6486486486486487
Montreal Canadiens,2006,42,34,245,256,0.5526315789473685
Nashville Predators,2006,51,23,272,212,0.6891891891891891
New Jersey Devils,2006,49,24,216,201,0.6712328767123288
New York Islanders,2006,40,30,248,240,0.5714285714285714
New York Rangers,2006,42,30,242,216,0.5833333333333334
Ottawa Senators,2006,48,25,288,222,0.6575342465753424
Philadelphia Flyers,2006,22,48,214,303,0.3142857142857143
Phoenix Coyotes,2006,31,46,216,284,0.4025974025974026
Pittsburgh Penguins,2006,47,24,277,246,0.6619718309859155
San Jose Sharks,2006,51,26,258,199,0.6623376623376623
St. Louis Blues,2006,34,35,214,254,0.4927536231884058
Tampa Bay Lightning,2006,44,33,253,261,0.5714285714285714
Toronto Maple Leafs,2006,40,31,258,269,0.5633802816901409
Vancouver Canucks,2006,49,26,222,201,0.6533333333333333
Washington Capitals,2006,28,40,235,286,0.4117647058823529
Anaheim Ducks,2007,47,27,205,191,0.6351351351351351
Atlanta Thrashers,2007,34,40,216,272,0.4594594594594595
Boston Bruins,2007,41,29,212,222,0.5857142857142857
Buffalo Sabres,2007,39,31,255,242,0.5571428571428572
Calgary Flames,2007,42,30,229,227,0.5833333333333334
Carolina Hurricanes,2007,43,33,252,249,0.5657894736842105
Columbus Blue Jackets,2007,34,36,193,218,0.4857142857142857
Chicago Blackhawks,2007,40,34,239,235,0.5405405405405406
Colorado Avalanche,2007,44,31,231,219,0.5866666666666667
Dallas Stars,2007,45,30,242,207,0.6
Detroit Red Wings,2007,54,21,257,184,0.72
Edmonton Oilers,2007,41,35,235,251,0.5394736842105263
Florida Panthers,2007,38,35,216,226,0.5205479452054794
Los Angeles Kings,2007,32,43,231,266,0.4266666666666667
Minnesota Wild,2007,44,28,223,218,0.6111111111111112
Montreal Canadiens,2007,47,25,262,222,0.6527777777777778
Nashville Predators,2007,41,32,230,229,0.5616438356164384
New Jersey Devils,2007,46,29,206,197,0.6133333333333333
New York Islanders,2007,35,38,194,243,0.4794520547945205
New York Rangers,2007,42,27,213,199,0.6086956521739131
Ottawa Senators,2007,43,31,261,247,0.581081081081081
Philadelphia Flyers,2007,42,29,248,233,0.5915492957746479
Phoenix Coyotes,2007,38,37,214,231,0.5066666666666667
Pittsburgh Penguins,2007,47,27,247,216,0.6351351351351351
San Jose Sharks,2007,49,23,222,193,0.6805555555555556
St. Louis Blues,2007,33,36,205,237,0.4782608695652174
Tampa Bay Lightning,2007,31,42,223,267,0.4246575342465753
Toronto Maple Leafs,2007,36,35,231,260,0.5070422535211268
Vancouver Canucks,2007,39,33,213,215,0.5416666666666666
Washington Capitals,2007,43,31,242,231,0.581081081081081
Anaheim Ducks,2008,42,33,245,238,0.56
Atlanta Thrashers,2008,35,41,257,280,0.4605263157894737
Boston Bruins,2008,53,19,274,196,0.7361111111111112
Buffalo Sabres,2008,41,32,250,234,0.5616438356164384
Calgary Flames,2008,46,30,254,248,0.6052631578947368
Carolina Hurricanes,2008,45,30,239,226,0.6
Columbus Blue Jackets,2008,41,31,226,230,0.5694444444444444
Chicago Blackhawks,2008,46,24,264,216,0.6571428571428571
Colorado Avalanche,2008,32,45,199,257,0.4155844155844156
Dallas Stars,2008,36,35,230,257,0.5070422535211268
Detroit Red Wings,2008,51,21,295,244,0.7083333333333334
Edmonton Oilers,2008,38,35,234,248,0.5205479452054794
Florida Panthers,2008,41,30,234,231,0.5774647887323944
Los Angeles Kings,2008,34,37,207,234,0.4788732394366197
Minnesota Wild,2008,40,33,219,200,0.547945205479452
Montreal Canadiens,2008,41,30,249,247,0.5774647887323944
Nashville Predators,2008,40,34,213,233,0.5405405405405406
New Jersey Devils,2008,51,27,244,209,0.6538461538461539
New York Islanders,2008,26,47,201,279,0.3561643835616438
New York Rangers,2008,43,30,210,218,0.589041095890411
Ottawa Senators,2008,36,35,217,237,0.5070422535211268
Philadelphia Flyers,2008,44,27,264,238,0.6197183098591549
Phoenix Coyotes,2008,36,39,208,252,0.48
Pittsburgh Penguins,2008,45,28,264,239,0.6164383561643836
San Jose Sharks,2008,53,18,257,204,0.7464788732394366
St. Louis Blues,2008,41,31,233,233,0.5694444444444444
Tampa Bay Lightning,2008,24,40,210,279,0.375
Toronto Maple Leafs,2008,34,35,250,293,0.4927536231884058
Vancouver Canucks,2008,45,27,246,220,0.625
Washington Capitals,2008,50,24,272,245,0.6756756756756757
Anaheim Ducks,2009,39,32,238,251,0.5492957746478874
Atlanta Thrashers,2009,35,34,234,256,0.5072463768115942
Boston Bruins,2009,39,30,206,200,0.5652173913043478
Buffalo Sabres,2009,45,27,235,207,0.625
Calgary Flames,2009,40,32,204,210,0.5555555555555556
Carolina Hurricanes,2009,35,37,230,256,0.4861111111111111
Columbus Blue Jackets,2009,32,35,216,259,0.47761194029850745
Chicago Blackhawks,2009,52,22,271,209,0.7027027027027027
Colorado Avalanche,2009,43,30,244,233,0.589041095890411
Dallas Stars,2009,37,31,237,254,0.5441176470588235
Detroit Red Wings,2009,44,24,229,216,0.6470588235294118
Edmonton Oilers,2009,27,47,214,284,0.36486486486486486
Florida Panthers,2009,32,37,208,244,0.463768115942029
Los Angeles Kings,2009,46,27,241,219,0.6301369863013698
Minnesota Wild,2009,38,36,219,246,0.5135135135135135
Montreal Canadiens,2009,39,33,217,223,0.5416666666666666
Nashville Predators,2009,47,29,225,225,0.618421052631579
New Jersey Devils,2009,48,27,222,191,0.64
New York Islanders,2009,34,37,222,264,0.4788732394366197
New York Rangers,2009,38,33,222,218,0.5352112676056338
Ottawa Senators,2009,44,32,225,238,0.5789473684210527
Philadelphia Flyers,2009,41,35,236,225,0.5394736842105263
Phoenix Coyotes,2009,50,25,225,202,0.6666666666666666
Pittsburgh Penguins,2009,47,28,257,237,0.6266666666666667
San Jose Sharks,2009,51,20,264,215,0.7183098591549296
St. Louis Blues,2009,40,32,225,223,0.5555555555555556
Tampa Bay Lightning,2009,34,36,217,260,0.4857142857142857
Toronto Maple Leafs,2009,30,38,214,267,0.4411764705882353
Vancouver Canucks,2009,49,28,272,222,0.6363636363636364
Washington Capitals,2009,54,15,318,233,0.782608695652174
Anaheim Ducks,2010,47,30,239,235,0.6103896103896104
Atlanta Thrashers,2010,34,36,223,269,0.4857142857142857
Boston Bruins,2010,46,25,246,195,0.647887323943662
Buffalo Sabres,2010,43,29,245,229,0.5972222222222222
Calgary Flames,2010,41,29,250,237,0.5857142857142857
Carolina Hurricanes,2010,40,31,236,239,0.5633802816901409
Columbus Blue Jackets,2010,34,35,215,258,0.4927536231884058
Chicago Blackhawks,2010,44,29,258,225,0.6027397260273972
Colorado Avalanche,2010,30,44,227,288,0.40540540540540543
Dallas Stars,2010,42,29,227,233,0.5915492957746479
Detroit Red Wings,2010,47,25,261,241,0.6527777777777778
Edmonton Oilers,2010,25,45,193,269,0.35714285714285715
Florida Panthers,2010,30,40,195,229,0.42857142857142855
Los Angeles Kings,2010,46,30,219,198,0.6052631578947368
Minnesota Wild,2010,39,35,206,233,0.527027027027027
Montreal Canadiens,2010,44,30,216,209,0.5945945945945946
Nashville Predators,2010,44,27,219,194,0.6197183098591549
New Jersey Devils,2010,38,39,174,209,0.4935064935064935
New York Islanders,2010,30,39,229,264,0.43478260869565216
New York Rangers,2010,44,33,233,198,0.5714285714285714
Ottawa Senators,2010,32,40,192,250,0.4444444444444444
Philadelphia Flyers,2010,47,23,259,223,0.6714285714285714
Phoenix Coyotes,2010,43,26,231,226,0.6231884057971014
Pittsburgh Penguins,2010,49,25,238,199,0.6621621621621622
San Jose Sharks,2010,48,25,248,213,0.6575342465753424
St. Louis Blues,2010,38,33,240,234,0.5352112676056338
Tampa Bay Lightning,2010,46,25,247,240,0.647887323943662
Toronto Maple Leafs,2010,37,34,218,251,0.5211267605633803
Vancouver Canucks,2010,54,19,262,185,0.7397260273972602
Washington Capitals,2010,48,23,224,197,0.676056338028169
Anaheim Ducks,2011,34,36,204,231,0.4857142857142857
Boston Bruins,2011,49,29,269,202,0.6282051282051282
Buffalo Sabres,2011,39,32,218,230,0.5492957746478874
Calgary Flames,2011,37,29,202,226,0.5606060606060606
Carolina Hurricanes,2011,33,33,213,243,0.5
Columbus Blue Jackets,2011,29,46,202,262,0.38666666666666666
Chicago Blackhawks,2011,45,26,248,238,0.6338028169014085
Colorado Avalanche,2011,41,35,208,220,0.5394736842105263
Dallas Stars,2011,42,35,211,222,0.5454545454545454
Detroit Red Wings,2011,48,28,248,203,0.631578947368421
Edmonton Oilers,2011,32,40,212,239,0.4444444444444444
Florida Panthers,2011,38,26,203,227,0.59375
Los Angeles Kings,2011,40,27,194,179,0.5970149253731343
Minnesota Wild,2011,35,36,177,226,0.49295774647887325
Montreal Canadiens,2011,31,35,212,226,0.4696969696969697
Nashville Predators,2011,48,26,237,210,0.6486486486486487
New Jersey Devils,2011,48,28,228,209,0.631578947368421
New York Islanders,2011,34,37,203,255,0.4788732394366197
New York Rangers,2011,51,24,226,187,0.68
Ottawa Senators,2011,41,31,249,240,0.5694444444444444
Philadelphia Flyers,2011,47,26,264,232,0.6438356164383562
Phoenix Coyotes,2011,42,27,216,204,0.6086956521739131
Pittsburgh Penguins,2011,51,25,282,221,0.6710526315789473
San Jose Sharks,2011,43,29,228,210,0.5972222222222222
St. Louis Blues,2011,49,22,210,165,0.6901408450704225
Tampa Bay Lightning,2011,38,36,235,281,0.5135135135135135
Toronto Maple Leafs,2011,35,37,231,264,0.4861111111111111
Vancouver Canucks,2011,51,22,249,198,0.6986301369863014
Washington Capitals,2011,42,32,222,230,0.5675675675675675
Winnipeg Jets,2011,37,35,225,246,0.5138888888888888
